<?xml version="1.0"?>
<经纪人><item><区>南山</区><区域>华侨城</区域><地产公司>全部</地产公司><list><item><姓名>杨兴登</姓名><电话>15099911681                    </电话><公司>中原地产</公司><分店>宝能太古城分行</分店><熟悉小区>熟悉澳城花园   大南山紫园（独栋）   半岛城邦   </熟悉小区><自我介绍>享受当下!等待浪费生命!</自我介绍></item><item><姓名>李文飞</姓名><电话>13590146793                    </电话><公司>Q房网</公司><分店>麒麟分行</分店><熟悉小区>熟悉麒麟花园三期   麒麟花园一期   名家富居   </熟悉小区><自我介绍>竭诚为您服务力争在最短的时间里帮到您！服务项目：实验学位房！</自我介绍></item><item><姓名>张文宝</姓名><电话>15875554087                    </电话><公司>中原地产</公司><分店>皇庭港湾分行</分店><熟悉小区>熟悉三湘海尚   阳光海滨花园   宝能太古城(南区）   </熟悉小区><自我介绍>我会珍惜每位客户，我坚信只有优质的服务才能赢的客户的信任</自我介绍></item><item><姓名>林映兴</姓名><电话>13802234765                    </电话><公司>中原地产</公司><分店>南光路分行</分店><熟悉小区>熟悉鸿瑞花园   缤纷假日豪园   现代城华庭   </熟悉小区><自我介绍>本人毕业于广州大学建筑工程系,毕业至今一直在中原地产从事三级市场的居间业务.本人对楼房的设计和装修的部署有独到的见解,对居家风水也有一定的认识.</自我介绍></item><item><姓名>韦川</姓名><电话>13590107925                    </电话><公司>中原地产</公司><分店>阳光带海滨城一期分行</分店><熟悉小区>熟悉卓越浅水湾花园   阳光带海滨城二期   </熟悉小区><自我介绍>本人在南硅谷片区从事房产行业五年有余，热情 、真诚、善于沟通，精通相关学位物业所有事务！欢迎您的来电相信一定能帮到您！</自我介绍></item><item><姓名>郑高贤</姓名><电话>13631652867                    </电话><公司>Q房网</公司><分店>麒麟分行</分店><熟悉小区>熟悉麒麟花园三期   御林华府   豪方现代豪园   </熟悉小区><自我介绍>专做学位房保证价格真实。我的微信：zhengaoxian</自我介绍></item><item><姓名>林巧珠</姓名><电话>13684955910                    </电话><公司>美联物业</公司><分店>雷圳分行</分店><熟悉小区>熟悉诺德国际居住区   雷圳0755   中海阳光玫瑰园   </熟悉小区><自我介绍>世纪广场黄金地段精装复式房，138平仅售160万，月租超月供</自我介绍></item><item><姓名>段卫国</姓名><电话>13714376029                    </电话><公司>中原地产</公司><分店>世纪村分行</分店><熟悉小区>熟悉红树西岸   中信红树湾四期（住宅）   中信红树湾五期   </熟悉小区><自我介绍>真诚到永远!      细节决定成败!</自我介绍></item><item><姓名>李俊峰</姓名><电话>13714777452                    </电话><公司>阳光带海滨城一期</公司><分店>岸芷汀兰</分店><熟悉小区>熟悉阳光带海滨城一期   岸芷汀兰   卓越浅水湾花园   </熟悉小区><自我介绍/></item><item><姓名>李明</姓名><电话>13510113121                    </电话><公司>中海阳光玫瑰园</公司><分店>依云伴山</分店><熟悉小区>熟悉中海阳光玫瑰园   依云伴山   山海津   </熟悉小区><自我介绍/></item><item><姓名>韦艳玲</姓名><电话>13530111380                    </电话><公司>海印长城(一到二期）</公司><分店>观海台</分店><熟悉小区>熟悉海印长城(一到二期）   观海台   信和自由广场   </熟悉小区><自我介绍/></item><item><姓名>黄绍华</姓名><电话>13928467313                    </电话><公司>中原地产</公司><分店>中信红树湾分行</分店><熟悉小区>熟悉红树西岸   中信红树湾四期（住宅）   中信红树湾一期   </熟悉小区><自我介绍>用我的努力、专业、诚信，换来万家灯火通明！</自我介绍></item><item><姓名>涂鸿高</姓名><电话>15999670809                    </电话><公司>美联物业</公司><分店>雷圳分行</分店><熟悉小区>熟悉雷圳0755   华联城市山林一期   诺德国际居住区   </熟悉小区><自我介绍>免佣代理中熙君南山，单价6.5万起88-89㎡ 压轴山景单位</自我介绍></item><item><姓名>罗志平</姓名><电话>13691835401                    </电话><公司>中投地产</公司><分店>桑泰丹华分行</分店><熟悉小区>熟悉崇文花园   水木丹华   塘朗城   </熟悉小区><自我介绍>人生因梦想而伟大，因学习而改变，因行动而成功。</自我介绍></item><item><姓名>邹冬峰</姓名><电话>13699839505                    </电话><公司>Q房网</公司><分店>前海分行</分店><熟悉小区>熟悉星海名城六期   诺德国际居住区   中海阳光棕榈园   </熟悉小区><自我介绍>世华地产高级职业顾问小邹，为您提供真实房源，提供规范，专业，</自我介绍></item><item><姓名>詹巧玲</姓名><电话>13798353959                    </电话><公司>中原地产</公司><分店>花果山分行</分店><熟悉小区>熟悉半山兰溪谷一期   景园大厦（蛇口）   招商桃花园   </熟悉小区><自我介绍>中原地产：地产中介的龙头老大，现在代理深圳绝大多数的新楼盘，以及商铺，不需支付佣金，目前正在代理的热销一手楼盘有“太古城”“海境界”……</自我介绍></item><item><姓名>邱发娟</姓名><电话>18002566137                    </电话><公司>家家顺地产</公司><分店>德意名居分行</分店><熟悉小区>熟悉德意名居   西湖林语   丽岛花园   </熟悉小区><自我介绍>对人一定要真诚，真心对待每一个有缘人！</自我介绍></item><item><姓名>林青松</姓名><电话>13631670431                    </电话><公司>中原地产</公司><分店>南光路分行</分店><熟悉小区>熟悉南油生活B区   现代城华庭   深蓝季节   </熟悉小区><自我介绍>为您提供真实房源，做您值得信赖的经纪人，助您实现你的梦想。</自我介绍></item><item><姓名>单王刚</姓名><电话>13544189144                    </电话><公司>中原地产</公司><分店>前海花园二期分行</分店><熟悉小区>熟悉星海名城一期   山海翠庐   星海名城六期   </熟悉小区><自我介绍>为奔波在深圳的你们找到合适的居家之所，我很乐意帮你们的事情！</自我介绍></item><item><姓名>刘俊阳</姓名><电话>13590468900                    </电话><公司>中原地产</公司><分店>依云伴山分行</分店><熟悉小区>熟悉诺德国际居住区   恒立心海湾花园   月亮湾花园   </熟悉小区><自我介绍>★★★机会永远是留给有准备的人★★★</自我介绍></item><item><姓名>程根</姓名><电话>15814683193                    </电话><公司>佳兆业前海广场</公司><分店>中海阳光玫瑰园</分店><熟悉小区>熟悉佳兆业前海广场   中海阳光玫瑰园   诺德国际居住区   </熟悉小区><自我介绍/></item><item><姓名>欧阳珊</姓名><电话>13640980101                    </电话><公司>中原地产</公司><分店>花果山分行</分店><熟悉小区>熟悉招北小区   花园城三期   招商雍景湾   </熟悉小区><自我介绍>温馨提醒：“珍惜时间，选择可靠经纪人”。找家就要找专家！</自我介绍></item><item><姓名>朱正良</姓名><电话>18927486599                    </电话><公司>现代城华庭</公司><分店>鸿瑞花园</分店><熟悉小区>熟悉现代城华庭   鸿瑞花园   缤纷假日豪园   </熟悉小区><自我介绍/></item><item><姓名>甘波</姓名><电话>13723471225                    </电话><公司>中原地产</公司><分店>阳光带海滨城二期分行</分店><熟悉小区>熟悉海怡东方花园   阳光带海滨城二期   阳光带海滨城一期   </熟悉小区><自我介绍>yes,一切皆有可能！</自我介绍></item><item><姓名>牛立虎</姓名><电话>15118157959                    </电话><公司>美联物业</公司><分店>雷圳分行</分店><熟悉小区>熟悉诺德国际居住区   悠山美地   太子山庄二期   </熟悉小区><自我介绍>深圳寸土如金、永远都是求大于供，只有越来越好的、没有退后的，只要合适就可以出手，我将于我最专业的知识与最诚心的态度帮您找到您想要的。</自我介绍></item><item><姓名>胡清林</姓名><电话>13530802309                    </电话><公司>Q房网</公司><分店>碧海云天分行</分店><熟悉小区>熟悉金海燕花园   碧海云天二期   碧海云天一期   </熟悉小区><自我介绍>以诚待人，用心做事，本者：专业、规范、创值的信念助愿天下有志者都能够早日在深圳安居乐夜！</自我介绍></item><item><姓名>许文友</姓名><电话>13670023438                    </电话><公司>友邻国际公寓</公司><分店>飞行员公寓</分店><熟悉小区>熟悉友邻国际公寓   飞行员公寓   荟芳园   </熟悉小区><自我介绍/></item><item><姓名>向红</姓名><电话>13714732303                    </电话><公司>南海玫瑰花园三期</公司><分店>半山兰溪谷一期</分店><熟悉小区>熟悉南海玫瑰花园三期   半山兰溪谷一期   鲸山觐海   </熟悉小区><自我介绍/></item><item><姓名>王萌</姓名><电话>13510631863                    </电话><公司>信和自由广场</公司><分店>鸿瑞花园</分店><熟悉小区>熟悉信和自由广场   鸿瑞花园   蔚蓝海岸二期   </熟悉小区><自我介绍/></item><item><姓名>郭景</姓名><电话>13556863291                    </电话><公司>中原地产</公司><分店>麒麟分行</分店><熟悉小区>熟悉麒麟花园三期   名家富居   豪方现代豪园   </熟悉小区><自我介绍>以专业,诚信与服务赢得客户的再次回头!</自我介绍></item></list></item></经纪人>
