<?xml version="1.0"?>
<经纪人><item><区>南山</区><区域>华侨城</区域><地产公司>全部</地产公司><list><item><姓名>冯志强</姓名><电话>13622396265                    </电话><公司>美联物业</公司><分店>美联诺德分行</分店><熟悉小区>熟悉诺德国际居住区   雷圳0755   瑞景华庭   </熟悉小区><自我介绍>因为了解，所以专业，真诚为您服务，以诚待人！</自我介绍></item><item><姓名>罗武群</姓名><电话>13632793248                    </电话><公司>家家顺地产</公司><分店>桑泰丹华府分行</分店><熟悉小区>熟悉光大江与城   富盈都市华府   爱琴海   </熟悉小区><自我介绍>本人从业5年专注西丽二手房,免佣代理，深莞惠一手楼，专车接送</自我介绍></item><item><姓名>任静</姓名><电话>13480742725                    </电话><公司>Q房网</公司><分店>鼎太风华分行</分店><熟悉小区>熟悉鼎太风华七期   鼎太风华三期   中海阳光玫瑰园   </熟悉小区><自我介绍>中原地产公司高级顾问，为您提供真实房源，做您值得信赖的经纪人</自我介绍></item><item><姓名>王春明</姓名><电话>13823541949                    </电话><公司>中原地产</公司><分店>华彩天成分行</分店><熟悉小区>熟悉华联城市山林一期   创世纪滨海花园   蔚蓝海岸二期   </熟悉小区><自我介绍>生活其实很简单，适合自己的就是最好的！您的需求就是我的使命！</自我介绍></item><item><姓名>邓江微</姓名><电话>13510465292                    </电话><公司>中原地产</公司><分店>中原地产西部电子分行</分店><熟悉小区>熟悉中海阳光棕榈园   悠然天地家园   漾日湾畔   </熟悉小区><自我介绍>专业代理一手二手房买卖</自我介绍></item><item><姓名>李德全</姓名><电话>13689534585                    </电话><公司>中原地产</公司><分店>阳光带海滨城二期分行</分店><熟悉小区>熟悉阳光带海滨城二期   珑御府   纯海岸   </熟悉小区><自我介绍>中原地产的品牌将会给您带来最专业和最有效率的服务</自我介绍></item><item><姓名>段涛古</姓名><电话>13428985008                    </电话><公司>中原地产</公司><分店>观海台分行</分店><熟悉小区>熟悉滨海之窗   观海台   漾日湾畔   </熟悉小区><自我介绍>房源真实！绝对不浪费你的时间 ！</自我介绍></item><item><姓名>李桂恒</姓名><电话>13380359952                    </电话><公司>中原地产</公司><分店>花果山分行</分店><熟悉小区>熟悉园景园名苑   百花苑(蛇口)   招北小区   </熟悉小区><自我介绍>我最专业二三级房地产租售 让你省心放心 安心 用良心为你服务</自我介绍></item><item><姓名>温有来</姓名><电话>15986800478                    </电话><公司>中原地产</公司><分店>光彩新天地分行</分店><熟悉小区>熟悉阳光里雅居   缤纷假日豪园   向南瑞峰花园   </熟悉小区><自我介绍>信任是我们交流的开始,成交不是结束，服务才是结果。</自我介绍></item><item><姓名>温练哪</姓名><电话>13556814927                    </电话><公司>美联物业</公司><分店>蔚蓝海岸分行</分店><熟悉小区>熟悉蔚蓝海岸三期   浪琴屿花园   蔚蓝海岸二期   </熟悉小区><自我介绍>放心店铺！本从事房地产行业多年，为了节省您的时间本人郑重承诺本所录房源均为真实有效房源我的网店铺http://shenzhen.anjuke.com/shop.php?bid=118535</自我介绍></item><item><姓名>于清峰</姓名><电话>13603001571                    </电话><公司>Q房网</公司><分店>星海名城分行</分店><熟悉小区>熟悉星海名城六期   星海名城五期   中海阳光棕榈园   </熟悉小区><自我介绍>各位房友，大家好！我是中原地产的职业经纪人，对南山楼盘信息十分熟悉，本着诚信，专业，热情的原则，为您找到温馨的家为目的，孜孜不倦为您服务！</自我介绍></item><item><姓名>吴丽媚</姓名><电话>13554898623                    </电话><公司>德意名居</公司><分店>留仙居</分店><熟悉小区>熟悉德意名居   留仙居   新华大厦（二期）   </熟悉小区><自我介绍/></item><item><姓名>刘博</姓名><电话>15899774305                    </电话><公司>康乐园</公司><分店>英达钰龙园</分店><熟悉小区>熟悉康乐园   英达钰龙园   鸿瑞花园   </熟悉小区><自我介绍/></item><item><姓名>黄小花</姓名><电话>13537787324                    </电话><公司>Q房网</公司><分店>半岛城邦分行</分店><熟悉小区>熟悉半岛城邦二期   半岛城邦   半岛城邦一期   </熟悉小区><自我介绍>我专做半岛城邦一期二期，在我这买一定比其他人低20-100万</自我介绍></item><item><姓名>王成</姓名><电话>15818676341                    </电话><公司>中原地产</公司><分店>天鹅堡二期分行</分店><熟悉小区>熟悉波托菲诺纯水岸十五期   波托菲诺纯水岸一期   波托菲诺纯水岸七期   </熟悉小区><自我介绍>您的满意就是我无限的动力，（微信号）：15818676341</自我介绍></item><item><姓名>张帅昌</姓名><电话>13421398979                    </电话><公司>中原地产</公司><分店>棕榈园分行</分店><熟悉小区>熟悉   </熟悉小区><自我介绍>公司免佣代理大量,南山,宝安,龙岗,东莞,惠洲的新楼盘.欢迎来电咨询最新优惠折扣.&lt;&lt;参加团购争取更底的折扣&gt;&gt;</自我介绍></item><item><姓名>王丰瑜</姓名><电话>13640938977                    </电话><公司>花果山大厦</公司><分店>园景园名苑</分店><熟悉小区>熟悉花果山大厦   园景园名苑   景园大厦（蛇口）   </熟悉小区><自我介绍/></item><item><姓名>胡高军</姓名><电话>13691937559                    </电话><公司>中原地产</公司><分店>红树湾分行</分店><熟悉小区>熟悉红树西岸   中信红树湾   京基御景东方   </熟悉小区><自我介绍>专业服务,诚信为本,一定帮你买到满意好房子.</自我介绍></item><item><姓名>刘强</姓名><电话>13410830683                    </电话><公司>阳光带海滨城二期</公司><分店>岸芷汀兰</分店><熟悉小区>熟悉阳光带海滨城二期   岸芷汀兰   珑御府   </熟悉小区><自我介绍/></item><item><姓名>张涛</姓名><电话>15920055667                    </电话><公司>中原地产</公司><分店>阳光荔景分行</分店><熟悉小区>熟悉悠然天地家园   缤纷年华   万象新园   </熟悉小区><自我介绍>7年房地产置业经验，给我一个电话，让你享受专业的房产置业过程</自我介绍></item><item><姓名>谢晓燕</姓名><电话>15818796892                    </电话><公司>Q房网</公司><分店>前海分行</分店><熟悉小区>熟悉东方银座公馆   鼎太风华   中海阳光棕榈园   </熟悉小区><自我介绍>本公司长期免拥代理：惠州、深圳、东莞、香港等一手楼盘，谢谢！</自我介绍></item><item><姓名>刘非林</姓名><电话>13554994332                    </电话><公司>Q房网</公司><分店>半岛城邦分行</分店><熟悉小区>熟悉半岛城邦   半岛城邦二期   半岛城邦一期   </熟悉小区><自我介绍>Q房网高级客户经理，以最真诚的态度，最专业的服务。让您满意</自我介绍></item><item><姓名>梅玲</姓名><电话>15219509713                    </电话><公司>美联物业</公司><分店>雷圳分行</分店><熟悉小区>熟悉中海阳光玫瑰园   诺德国际居住区   光彩山居岁月   </熟悉小区><自我介绍>只要你想要，我能以最快的速度为您找到安心的家。</自我介绍></item><item><姓名>杨可荣</姓名><电话>13632765670                    </电话><公司>Q房网</公司><分店>香山里分行</分店><熟悉小区>熟悉首地容御   西丽山庄   锦绣花园四期   </熟悉小区><自我介绍>Q房网高级客户经理，为您提供真实房源，做您值得信赖的经纪人</自我介绍></item><item><姓名>孙露</姓名><电话>15099943950                    </电话><公司>深圳链家</公司><分店>碧海云天分行</分店><熟悉小区>熟悉金海燕花园   碧海云天二期   碧海云天一期   </熟悉小区><自我介绍>主打华侨城周边楼盘，并保证所有的房源都真实！</自我介绍></item><item><姓名>刘小斌</姓名><电话>13751160340                    </电话><公司>一方天地产</公司><分店>中海阳光玫瑰园分行</分店><熟悉小区>熟悉中海阳光玫瑰园   依云伴山   泛海拉菲花园（别墅）   </熟悉小区><自我介绍>前海诚信经纪人-刘小斌  为您提供最优质的服务！</自我介绍></item><item><姓名>王国强</姓名><电话>15899888871                    </电话><公司>蔚蓝置业</公司><分店>蔚蓝海岸分行</分店><熟悉小区>熟悉蔚蓝海岸二期   蔚蓝海岸一期   宝能太古城(南区）   </熟悉小区><自我介绍>蔚蓝海岸社区租售中心！金牌置业王国强，让您省心省钱！</自我介绍></item><item><姓名>周健林</姓名><电话>13794492675                    </电话><公司>Q房网</公司><分店>麒麟分行</分店><熟悉小区>熟悉麒麟花园三期   荔林春晓   缤纷年华   </熟悉小区><自我介绍>客户的事情就是我的事情！~</自我介绍></item><item><姓名>王海鸥</姓名><电话>13632664507                    </电话><公司>中原地产</公司><分店>中原地产西部电子分行</分店><熟悉小区>熟悉创世纪滨海花园   绿海名都   怡园大厦   </熟悉小区><自我介绍>为你找到心仪的房子是我的责任，让你更加放心、省心。</自我介绍></item><item><姓名>陆协容</姓名><电话>13631578750                    </电话><公司>中原地产</公司><分店>中原地产鼎泰分行</分店><熟悉小区>熟悉云顶翠峰二期   云顶翠峰三期   嘉意台   </熟悉小区><自我介绍>为您，我做到！中原地产陆协容竭诚为您服务，以专业的业务技能，高效的服务态度赢得新老客户的信赖！</自我介绍></item></list></item></经纪人>
